Name,Min Time,Mean Time,Std Dev,Time,,,,,,,,,,,,,,,,,,,,,,,,,,,,,,,,,,,,,,
examples/examples/counters2.aig,3.64E-02,3.87E-02,0.002195527494,0.0384449293,0.0445288946,0.0370997717,0.0370969107,0.0364288618,0.0387009909,0.0367619326,0.0390040209,0.0369839003,0.0376948645,0.0366770556,0.0411657622,0.0485510161,0.0391439726,0.0383378794,0.0381850531,0.0382649233,0.0392839243,0.0387970736,0.0387160113,0.0390259554,0.0410310557,0.0404447844,0.0399529268,0.0384268095,0.0373098185,0.0367020895,0.0378929903,0.0372778704,0.0377239515,0.0389329722,0.03858202,0.0382758906,0.0386328032,0.0377508928,0.0376679232,0.0388008883,0.038502865,0.0378679564
examples/examples/counters2_neg.aig,2.04E-03,2.27E-03,0.0003681863096,0.0020448496,0.0021700194,0.0035368731,0.0021368792,0.0020438959,0.0022098353,0.0021459391,0.0022539427,0.002072983,0.0021428396,0.0020770361,0.0021597674,0.0021688273,0.002237015,0.0020818045,0.0021948149,0.0020567705,0.0022758772,0.0020539095,0.002196007,0.0020620157,0.0021278193,0.0033869078,0.0022048285,0.0020548632,0.0021948149,0.0022548964,0.0034188559,0.0023569395,0.0021280577,0.0021719267,0.0021259119,0.0028139879,0.0021580984,0.0021640589,0.0021528532,0.0020608236,0.0022908976,0.0021278193
examples/examples/counters3.aig,1.036022835,1.075892101,0.04691954358,1.041231804,1.036022835,1.036775999,1.196922951,1.247746878,1.085879975,1.049821072,1.053662949,1.067203932,1.080016785,1.063625746,1.074675017,1.082351856,1.107142859,1.108597927,1.185156994,1.055222922,1.044223957,1.052126818,1.042119913,1.041011029,1.036837034,1.03629797,1.041979962,1.059544735,1.041452818,1.086306982,1.137829952,1.129052811,1.064465933,1.090096884,1.069240027,1.044134074,1.061251097,1.07207983,1.062259846,1.058748894,1.064542942,1.052129917
examples/examples/counters3_neg.aig,1.10E-03,1.22E-03,0.0001832350409,0.0017189314,0.0011429121,0.001165085,0.0012020399,0.001259022,0.0011569788,0.0011538794,0.0011357596,0.001113825,0.0014349749,0.0011541178,0.0011238386,0.0012127688,0.0011309912,0.0012127688,0.0011710455,0.001182728,0.0011340906,0.001163893,0.0011128714,0.0011181166,0.0017678072,0.0011319449,0.001177006,0.0012239744,0.0011367132,0.0012840559,0.0011710455,0.0011009504,0.0014039805,0.0011078646,0.0011429121,0.0011379053,0.0011591246,0.001110964,0.0011448195,0.0018927385,0.0011050036,0.0011760523
examples/examples/counters4.aig,13.69776171,14.39057334,0.7753811173,14.08113497,14.03582995,14.05583089,14.13523191,14.02583902,14.46172779,14.29831403,14.00993507,14.12934487,15.01000708,14.23637074,14.28016084,14.39398401,14.05888789,14.31685894,14.39031475,13.85734575,14.13003605,14.2869839,14.34915607,13.97372883,14.20824688,13.87178891,14.18557995,14.0730409,15.4878649,15.80083697,16.10274284,17.12597006,16.053487,15.44687789,14.24989694,13.75231092,13.71333497,13.78009885,13.69811004,13.73264497,13.69776171,13.7347421
examples/examples/simple1.aag,8.99E-05,1.16E-04,0.00001255862653,0.0001224928,0.0001069718,0.0001244955,0.000117796,0.0001295023,0.0001120978,0.0001204901,0.0001075916,0.0001243048,0.0001261883,0.0001107865,0.0001074009,0.0001223736,0.0001302891,0.0001142912,0.0001225882,0.0001096897,0.000129097,0.0001173907,0.0001239948,0.0001188927,0.0001301937,9.76E-05,0.0001232796,0.0001227074,0.0001355105,0.0001259022,0.0001093798,0.0001216822,0.0001196079,0.00011689,9.19E-05,0.000128501,9.25E-05,0.000107687,9.22E-05,9.55E-05,8.99E-05,0.0001365833
examples/examples/simple2.aag,1.85E-04,2.08E-04,0.0000265917975,0.0001977076,0.000187694,0.0002484227,0.0001849693,0.0001930074,0.0001850033,0.0002245467,0.0001848671,0.0002188587,0.0001889883,0.0001967199,0.0001939951,0.0001881368,0.0001945741,0.0002042812,0.0001884093,0.0002428368,0.0002385453,0.0001863998,0.0002892944,0.0002456979,0.0001856845,0.0001892948,0.000185991,0.0001885796,0.0001858548,0.0001936886,0.0001905551,0.0001997171,0.0001917131,0.0002570057,0.0002318355,0.0002367061,0.0001961409,0.0001931436,0.0001888521,0.0002136817,0.0002554049,0.0002272715
examples/examples/simple3.aag,5.36E-04,6.10E-04,0.00008894108074,0.0005616125,0.0006532447,0.0006383038,0.0005372938,0.0005786197,0.0005412675,0.0005676525,0.0005506453,0.0005663014,0.0005819576,0.0006770071,0.0005359428,0.0006449795,0.0005430159,0.0008173562,0.0006146209,0.0005686856,0.0005919711,0.0005612946,0.000877994,0.0006340123,0.0005399959,0.0005816397,0.0005589899,0.0005789376,0.0005933222,0.0005813218,0.0005769508,0.0006383038,0.0006789939,0.0005649504,0.0005379296,0.0005809244,0.0005399959,0.0006139851,0.0005453206,0.0006410059,0.0009316382,0.000659682
examples/examples/simple4.aag,9.62E-04,1.05E-03,0.0001100369126,0.00097641,0.0010034705,0.0015904571,0.0009990598,0.0010355378,0.0013099576,0.0009824897,0.0010214711,0.0010714198,0.0010200406,0.0011264945,0.0010698701,0.0010144378,0.0009804631,0.00097641,0.0009829665,0.0009814168,0.0011084939,0.0009839202,0.0010344649,0.0009619857,0.0009939338,0.0011058713,0.0010360147,0.0010069276,0.0010530616,0.0010203982,0.0011135007,0.0010490085,0.0009824897,0.0010274316,0.0009724761,0.0010484124,0.000984397,0.0010264779,0.0009770061,0.0011089707,0.0010438825,0.0009919072
examples/examples/simple5.aag,1.63E-04,1.97E-04,0.00002547424536,0.0001707292,0.0001630104,0.0002467549,0.0001703418,0.0001647389,0.000198505,0.0002092338,0.0001921273,0.0002728617,0.0002117372,0.0001653648,0.0002061045,0.0001997268,0.0002107537,0.0002376056,0.0002122438,0.0002031243,0.0001956141,0.0002133763,0.0002247608,0.0001733816,0.0001646197,0.0001848555,0.0002024985,0.0001746035,0.0001681066,0.0002179957,0.0001776135,0.000180713,0.000173471,0.0002165056,0.0002149856,0.0001692391,0.000217489,0.0002037204,0.0002131379,0.0001994884,0.0001727557,0.000171355
examples/examples/simple6.aag,0.0001661269,1.97E-04,0.00002151766025,0.0001815049,0.0001730013,0.0002121417,0.000208486,0.0002109894,0.0001996247,0.0001788028,0.0001770147,0.0001686303,0.0001818228,0.0001704979,0.0002076515,0.0001815049,0.0001796373,0.0001671601,0.0002014923,0.0002128172,0.0002169896,0.0002043136,0.0001780081,0.0002331623,0.0002016513,0.0002078502,0.000211347,0.0002023268,0.00019732,0.0002304602,0.0002233076,0.0001759816,0.0001661269,0.0002016513,0.0002206453,0.0002224732,0.0002550173,0.0001790015,0.0002049891,0.0001840083,0.0001714913,0.0001763392
examples/examples/simple7.aag,5.02E-04,5.50E-04,0.00007225349269,0.0005103525,0.000503041,0.0005113062,0.0005276776,0.0005223529,0.0005129751,0.0005079683,0.0005039947,0.0005293465,0.0008173562,0.0005636788,0.000538327,0.0005126572,0.0005713082,0.0005686856,0.0005206045,0.0005109883,0.0005182998,0.0005020079,0.0005299823,0.000519333,0.0005059815,0.0005226708,0.0005399959,0.0005680498,0.0005379296,0.0005523142,0.0005229887,0.0006893254,0.0005209224,0.0006133493,0.0005466716,0.0005673346,0.0005146441,0.0005570031,0.0008202967,0.0005202866,0.0005342739,0.0005173461
examples/examples/simple_counters.aig,1.09E-01,1.12E-01,0.002181530318,0.1094879439,0.1108018686,0.1094998648,0.1124870112,0.1124169161,0.109371834,0.1097537806,0.1113709738,0.1115121176,0.1109129717,0.1102349093,0.1124140551,0.108929806,0.110377722,0.1217159559,0.1092979242,0.1086959173,0.1115719607,0.1111599733,0.1116508772,0.111794882,0.1098150541,0.1120070746,0.1110119154,0.1099159052,0.1108369162,0.1125587752,0.1112241079,0.1129450133,0.1123828222,0.1136490633,0.1125788023,0.1129659941,0.113819771,0.1128508379,0.1112279226,0.1142329504,0.1130000879,0.1109599402
examples/examples/simpler_counters.aig,2.71E-03,2.92E-03,0.0001912243517,0.0027689268,0.0028819372,0.0028259089,0.0031139185,0.0030197432,0.0027868082,0.0035628607,0.0027977755,0.0028178026,0.00276392,0.0028347304,0.0028230478,0.0029310515,0.0027858545,0.0027739336,0.0028769304,0.0028118422,0.0027829935,0.0028778841,0.0030569365,0.0028418829,0.0029570391,0.002816849,0.00276392,0.002993994,0.0030960371,0.0028018286,0.0031709005,0.0028857519,0.002886944,0.0027148058,0.0029599001,0.0030268957,0.0034219553,0.0033449461,0.0027560522,0.0027767946,0.0027987291,0.0028108885
hwmcc10/hwmcc10/bj08aut1.aig,0.0087169935,0.009459942508,0.0007830002207,0.0092989733,0.0089589884,0.0089179804,0.011255913,0.0090629389,0.0087439348,0.0104388525,0.0092219641,0.008957081,0.0110079577,0.0090359976,0.0089089205,0.0108470251,0.0088168909,0.0088810255,0.0107409289,0.0091070463,0.0087580015,0.0104719927,0.0096949865,0.009122782,0.0097057154,0.0090147783,0.0087599089,0.0091718962,0.0093149473,0.0088810255,0.0109907915,0.0095269015,0.0089151194,0.0095569422,0.0090629389,0.0088240435,0.0104870131,0.0088989069,0.0087169935,0.0107800295,0.009302788,0.0087768366
hwmcc10/hwmcc10/bj08aut5.aig,2.68E-02,2.78E-02,0.0005420994323,0.0269030859,0.028093033,0.0273467829,0.0276459982,0.027293854,0.0282098581,0.027158909,0.0283188154,0.0276550581,0.0281628897,0.0267898371,0.0290939142,0.0276037981,0.0276648333,0.0278629591,0.0269550612,0.0281769564,0.0273598959,0.0280448725,0.027281933,0.0282179644,0.0273627569,0.0273839762,0.0276450445,0.0278760721,0.0286340048,0.0279537966,0.0275759031,0.0288850596,0.0278641512,0.0282499125,0.0282761385,0.0280038645,0.0278360178,0.0289279749,0.0276009371,0.0278479387,0.0273420145,0.0282170107
hwmcc10/hwmcc10/bj08goodbakerycyclef7.aig,0.5638779928,0.5727113462,0.00268714138,0.5709220698,0.5732280543,0.5724479487,0.572944813,0.5725759794,0.5695220759,0.5720450213,0.5702180197,0.5746428301,0.5727628996,0.5710660746,0.5706190397,0.5730659296,0.5638779928,0.5758008291,0.5678538611,0.5744327833,0.5699800779,0.5740079214,0.5725659659,0.5743691256,0.5728649428,0.5738238623,0.5778719713,0.5709349444,0.5743839075,0.5742027094,0.5746568968,0.5719129374,0.5709878733,0.5717319777,0.5757798483,0.5757698347,0.5703508188,0.5725127985,0.5740758707,0.571017914,0.5788771441,0.575036936
hwmcc10/hwmcc10/counterp0.aig,5.66E-01,5.70E-01,0.003200967255,0.5820199778,0.5778750708,0.573411875,0.5668818285,0.5679899981,0.5662490656,0.5706159403,0.5699049761,0.5677909186,0.5670887758,0.5667509367,0.5687650969,0.5711399843,0.5700628092,0.5721239378,0.5704039862,0.5678400328,0.5666307737,0.5733207991,0.570547991,0.5691267779,0.5681580832,0.5710250666,0.5659579565,0.5690578749,0.5684949686,0.5706650545,0.5684887697,0.574500971,0.5678679278,0.5706667235,0.5699638655,0.5687569906,0.5706159403,0.5719887545,0.5670549204,0.5671450426,0.5687877466,0.5670460989
hwmcc10/hwmcc10/counterp0neg.aig,6.51E-01,6.55E-01,0.003425183831,0.6526059439,0.6527327826,0.6562687685,0.6551057627,0.6537141134,0.6529249479,0.6518587401,0.6542441179,0.6525561144,0.6519119074,0.6540309717,0.6545869639,0.6522540381,0.6584719946,0.6540171435,0.6581680109,0.6563348105,0.6581308176,0.6579779913,0.6549400618,0.6550258925,0.65891593,0.6596490671,0.6522340109,0.6621310045,0.652858906,0.6614169409,0.6558789541,0.6582140257,0.6547030737,0.6519398024,0.6507329275,0.6543208887,0.6510271361,0.6507159998,0.666484051,0.6541859438,0.6572439005,0.6553398897
hwmcc10/hwmcc10/eijks208c.aig,9.71E-02,9.94E-02,0.001117337103,0.1012310316,0.1007580092,0.0983430674,0.099169903,0.098342829,0.0992190172,0.099513941,0.0998827746,0.1011540224,0.1006829073,0.1012188723,0.1007739832,0.0977269938,0.0985478689,0.0971419146,0.0986830523,0.1002809336,0.1001691153,0.1007038881,0.0999488165,0.0995859434,0.0985469153,0.0985559752,0.0985247423,0.1005110075,0.0993990233,0.1002690127,0.0989558031,0.098081999,0.0996028711,0.1005229284,0.0984389116,0.0975360205,0.0980848601,0.0979780485,0.099295788,0.0996190836,0.0991598894,0.1006328394
hwmcc10/hwmcc10/eijks208o.aig,0.0803860953,0.0822205795,0.001007651949,0.0824968149,0.081232958,0.0837849905,0.0813319018,0.083790951,0.0834488203,0.0806328585,0.0825809767,0.083008938,0.0807298948,0.0819370081,0.0829448034,0.0816978743,0.0830768873,0.0830098917,0.0814279844,0.082689934,0.0811669161,0.0831348231,0.0815998842,0.0811068346,0.0807480147,0.0837230017,0.0815078547,0.0823289683,0.083393984,0.0827249815,0.0806090166,0.0829927256,0.0831360151,0.0832969477,0.0830821325,0.083031111,0.0803860953,0.0816778471,0.0819649031,0.0818940928,0.0821320345,0.0811409285
hwmcc10/hwmcc10/neclaftp5001.aig,3.45E-01,3.47E-01,0.001326332465,0.3456079294,0.3486611178,0.3460218241,0.3476137449,0.3447620203,0.346459799,0.3476540377,0.3498930266,0.3454229166,0.3465608885,0.3492988875,0.348358803,0.3471879294,0.3472379973,0.3488218119,0.3478400042,0.3494998743,0.3475760748,0.3478607466,0.3446420958,0.345642977,0.3472389509,0.3483628561,0.3469609549,0.3485428621,0.3476788332,0.348052912,0.3454298308,0.3461109926,0.3475949099,0.3478850653,0.3480541041,0.3451630404,0.3465489676,0.3476139834,0.3472940256,0.3467411329,0.348549061,0.3490478327
hwmcc10/hwmcc10/neclaftp5002.aig,3.42E-01,3.52E-01,0.04848757884,0.3433260252,0.3449789812,0.3424078753,0.3433090975,0.3448159029,0.3427230646,0.3440307905,0.3445269396,0.3432859709,0.3441418936,0.3436419298,0.3460108568,0.3463727762,0.3458449175,0.345699959,0.342850857,0.3451511194,0.3427559664,0.3449777891,0.3436190416,0.3436507513,0.3443159392,0.3438507845,0.3435921003,0.345122986,0.343937092,0.3431178858,0.3438998987,0.3426517775,0.3454047968,0.3436199953,0.3437787821,0.3440429499,0.3462189963,0.3465408613,0.6470999052,0.3422138025,0.3492278387,0.3519839575
hwmcc10/hwmcc10/pdtvisblackjack0.aig,5.01E+00,5.05E+00,0.04236255923,5.014586859,5.020710879,5.037447863,5.040113859,5.046950035,5.034384899,5.052699738,5.040713005,5.043204003,5.044156008,5.043388062,5.042298012,5.043025904,5.040850096,5.046004944,5.030065947,5.042000942,5.028960877,5.036691122,5.027620011,5.036457949,5.037548952,5.034353905,5.039569073,5.041216784,5.027423792,5.038588934,5.045381956,5.049211912,5.033807926,5.07002204,5.273154907,5.150948935,5.06250494,5.048276835,5.03747695,5.071187907,5.028994971,5.066660099
hwmcc10/hwmcc10/pdtvisblackjack1.aig,4.913159066,5.023941732,0.2097193907,4.916050844,4.94677084,4.931853943,4.940627032,4.913159066,4.929846936,4.94112175,4.944830113,4.935148888,4.940393143,4.922833853,4.934953861,4.9349119,4.944737845,5.266328984,4.980668955,4.939052754,4.951434069,4.930251055,4.948511057,4.944544964,4.936088734,4.922039919,5.056422882,5.322400027,5.111403876,5.650612765,5.987294846,5.092333966,5.023595982,4.982532912,4.99398511,4.983555966,4.9944629,4.985758,4.975855999,4.956645899,4.969629936,4.951075964
hwmcc10/hwmcc10/pdtvisblackjack2.aig,4.90E+00,4.92E+00,0.02700341122,4.922964745,4.920883112,4.933809929,4.899767809,4.920450859,4.899101906,4.927776032,4.906544857,4.938405924,4.902274781,5.06360405,4.909218006,4.930142098,4.968492918,4.934765034,4.905391865,4.926025801,4.918878012,4.930858784,4.918739014,4.934729986,4.92245596,4.924313002,4.911018782,4.928384953,4.913793021,4.932908945,4.921116047,4.936937981,4.904588871,4.924020939,4.89529603,4.927349024,4.905167036,4.924323969,4.903608017,4.923906021,4.90398305,4.93082779
hwmcc10/hwmcc10/pdtvisblackjack3.aig,4.91E+00,5.00E+00,0.02041304585,4.905333929,5.004682713,4.991817885,5.007939987,4.991273814,5.002229862,4.977386885,5.018123799,4.9997999,5.003876858,5.006311827,5.006683045,4.994291001,5.007832937,4.995361023,5.037702971,5.010214024,4.999706917,4.994716101,4.996205979,4.998730831,5.004673891,4.973356896,5.018557005,5.008054905,5.009863787,5.035733872,5.020512038,4.987411909,5.002192908,4.981270008,5.014103823,5.001707726,5.008865052,4.992305928,4.997728043,4.992685967,5.006014996,4.988534861
hwmcc10/hwmcc10/pdtvisblackjack4.aig,4.96E+00,5.02E+00,0.02388252892,5.018348866,5.003969126,5.017661028,4.990492993,5.022422962,5.000786,5.025732928,4.990285807,5.023983889,4.99475091,5.032775812,5.000407868,5.017640047,5.071792059,5.038187914,4.962831908,5.066643887,4.994056158,5.074503832,5.026333981,5.01797288,4.994701796,5.018846922,5.000673943,5.013788157,4.995485955,4.966659956,5.008200817,5.036514931,4.99675911,5.025582962,5.004799061,5.021813803,5.001810007,5.031261854,5.015857868,5.038233929,5.007589989,5.028071814
hwmcc10/hwmcc10/pdtvisbpb1.aig,4.41E+00,4.43E+00,0.01138492689,4.433458975,4.423127821,4.438914946,4.424335888,4.423900774,4.411751917,4.414666107,4.412848881,4.430689982,4.434140852,4.408282927,4.415954045,4.416963986,4.429983071,4.420983008,4.447909764,4.416011027,4.429213932,4.424210957,4.431476048,4.411459854,4.425849131,4.422654799,4.448814801,4.428441933,4.435864857,4.428352764,4.425581864,4.428022078,4.443437985,4.4448499,4.444578818,4.416114023,4.437812975,4.429078034,4.442143849,4.436495951,4.447633913,4.412868908
hwmcc10/hwmcc10/pdtvisgray0.aig,4.59E-03,5.00E-03,0.0005128754445,0.0072600176,0.0047909548,0.0056068232,0.0054249098,0.0049058726,0.0046889116,0.0046231081,0.004592829,0.0046970179,0.0052360823,0.0047439863,0.0046300223,0.0054117968,0.0050379564,0.0046729376,0.0061668684,0.0048388769,0.00474494,0.0049371054,0.0047127535,0.0046290686,0.0046989252,0.0051068594,0.0049571325,0.004769974,0.0047079851,0.0046719839,0.004703932,0.0051690867,0.0058409502,0.0047797491,0.0047539999,0.0049409201,0.0048898985,0.0047618677,0.0052727987,0.0046989252,0.0049750139,0.0047590067
hwmcc10/hwmcc10/pdtvisgray1.aig,3.80E-03,4.19E-03,0.0005447533425,0.0038389494,0.0037988951,0.0038978388,0.0039591124,0.0038849642,0.0050968458,0.0044910242,0.0038947394,0.0041178991,0.0042380621,0.0039560129,0.0039140513,0.0038189222,0.005321913,0.005116873,0.0039419462,0.0039979746,0.0038430025,0.00393384,0.0039068987,0.0061349203,0.003946953,0.003903084,0.0039099981,0.0041460325,0.0038890173,0.0038708975,0.0042299559,0.0042239954,0.004375868,0.0040528109,0.0040208628,0.0038599302,0.0039700796,0.0040020277,0.0057279398,0.0039619734,0.0041839411,0.0038790037
hwmcc10/hwmcc10/pdtvisheap04.aig,1.27E+00,1.32E+00,0.03621200907,1.314156943,1.293539934,1.315122776,1.320757084,1.292430811,1.276338034,1.276636057,1.318038874,1.371568852,1.313795023,1.298918896,1.274183922,1.323195868,1.336155825,1.301064902,1.327827864,1.302431994,1.277604037,1.28624075,1.357599907,1.338634901,1.321639948,1.351373129,1.357501917,1.464534931,1.381748848,1.37622612,1.326311045,1.326220923,1.294279986,1.290409975,1.299899988,1.32817977,1.304146939,1.307399922,1.307110958,1.308814936,1.304597073,1.302647763
hwmcc10/hwmcc10/pdtvisheap07.aig,1.27E+00,1.29E+00,0.02075535828,1.334864073,1.286606961,1.301342898,1.288716965,1.30335372,1.286188059,1.282329016,1.302309923,1.287189894,1.296199971,1.277522021,1.284385853,1.334004097,1.274867945,1.285699063,1.275816851,1.276517086,1.33060091,1.332832032,1.312419825,1.28528493,1.332062893,1.282450848,1.275502854,1.280139857,1.285498076,1.280832939,1.275540047,1.27858203,1.285090857,1.333669834,1.323752814,1.271314793,1.273942881,1.274658852,1.276389056,1.271216803,1.276665859,1.285962992
hwmcc10/hwmcc10/pdtvisheap11.aig,1.291846924,1.310802295,0.02645201117,1.300591879,1.299101048,1.299783879,1.303274088,1.395739966,1.414979868,1.316971951,1.297874861,1.302624874,1.299375944,1.293851786,1.30191391,1.298975878,1.308789902,1.298711949,1.321246796,1.301954918,1.306650095,1.303927117,1.30470007,1.37707799,1.335261994,1.30104702,1.302049809,1.314396792,1.3023979,1.314572029,1.300617867,1.297304087,1.291846924,1.301900082,1.299482994,1.301167898,1.299618893,1.301864796,1.303016835,1.305739098,1.305059843,1.295825892
hwmcc10/hwmcc10/pdtvishuffman2.aig,7.08E+00,7.19E+00,0.0604899712,7.176328829,7.195584943,7.205326011,7.189660003,7.213660886,7.219918897,7.197236946,7.196139982,7.214740923,7.203289917,7.214332988,7.18252199,7.192872932,7.251923969,7.187966993,7.178358009,7.189456871,7.184875896,7.203799894,7.213396957,7.174372843,7.197000911,7.213839939,7.186215809,7.1972379,7.220925977,7.212540796,7.181870868,7.191820076,7.223370006,7.113065889,7.089600017,7.097223928,7.076023033,7.098018816,7.084661892,7.360140016,7.371407917,7.099014929
hwmcc10/hwmcc10/pdtvishuffman5.aig,1.39E-02,1.44E-02,0.0004790059432,1.51E-02,1.43E-02,1.55E-02,1.45E-02,1.56E-02,1.41E-02,1.56E-02,1.42E-02,1.46E-02,1.42E-02,1.40E-02,1.41E-02,1.40E-02,1.43E-02,1.40E-02,1.40E-02,1.42E-02,1.42E-02,1.53E-02,1.42E-02,1.47E-02,1.40E-02,1.40E-02,1.41E-02,1.39E-02,1.43E-02,1.41E-02,1.40E-02,1.43E-02,1.39E-02,1.45E-02,1.41E-02,1.47E-02,1.41E-02,1.47E-02,1.42E-02,1.41E-02,1.49E-02,1.39E-02
hwmcc10/hwmcc10/pdtvishuffman7.aig,4.50E+00,4.52E+00,0.01542766598,4.526214054,4.519922903,4.517298868,4.500925949,4.524016788,4.517301967,4.530809095,4.521708896,4.524032762,4.501797846,4.528422048,4.499438932,4.517120054,4.497150829,4.548864057,4.506495884,4.519482067,4.501857927,4.533411911,4.508469036,4.537541797,4.515287807,4.546889951,4.504692962,4.532002857,4.505091121,4.510452917,4.511857918,4.543997934,4.502157858,4.53595393,4.505865743,4.528721025,4.509686878,4.555135896,4.513118913,4.534229925,4.506902864,4.541567018
hwmcc10/hwmcc10/pdtvismiim3.aig,9.898334911,9.966094486,0.05639275599,9.913661888,9.952562025,9.94081991,9.925481966,9.932011059,9.947141817,9.925182035,9.93833082,9.912493875,9.935348919,9.954423835,9.928533724,9.925505808,9.949256828,9.958726814,9.915745905,10.02738397,9.930471828,10.09331792,9.924060991,10.06701296,9.934112957,10.09038704,9.898334911,10.07211583,9.950066974,10.07833998,9.929984977,10.10509603,9.927477768,9.949871948,9.956571033,9.967736891,9.958136966,9.980963876,9.952587059,9.970134905,9.987950971,9.970339945
hwmcc10/hwmcc10/pdtvisrethersqo3.aig,1.07E-02,1.14E-02,0.0007735593462,1.10E-02,1.12E-02,1.10E-02,1.10E-02,1.17E-02,1.16E-02,1.10E-02,1.35E-02,1.13E-02,1.09E-02,1.16E-02,1.30E-02,1.14E-02,1.13E-02,1.10E-02,1.10E-02,1.17E-02,1.08E-02,1.08E-02,1.15E-02,1.08E-02,1.08E-02,1.28E-02,1.08E-02,1.07E-02,1.34E-02,1.09E-02,1.08E-02,1.33E-02,1.10E-02,1.08E-02,1.14E-02,1.09E-02,1.10E-02,1.17E-02,1.09E-02,1.10E-02,1.14E-02,1.08E-02
hwmcc10/hwmcc10/pdtvistictactoe00.aig,8.38E-01,8.43E-01,0.0035785987,0.8450660016,0.8470968511,0.839496782,0.844752958,0.8433279302,0.841034105,0.8445979859,0.841834953,0.8424288537,0.8392779138,0.8414539601,0.8409818914,0.8457140233,0.8415779378,0.8425468709,0.8480209615,0.8421680238,0.8390259053,0.8461469915,0.8404950406,0.8451120164,0.840818813,0.8418888356,0.8400198724,0.840223005,0.8382488992,0.8535320069,0.846059015,0.8399071004,0.8397108819,0.8472899701,0.8432969358,0.843487909,0.8399719503,0.8469149377,0.8426567819,0.8536397721,0.8421620633,0.8402749803
hwmcc10/hwmcc10/pdtvistictactoe01.aig,1.21E-02,1.25E-02,0.0006000674726,1.30E-02,1.26E-02,1.23E-02,1.29E-02,1.23E-02,1.24E-02,1.43E-02,1.21E-02,1.22E-02,1.45E-02,1.22E-02,1.21E-02,1.26E-02,1.22E-02,1.24E-02,1.29E-02,1.26E-02,1.22E-02,1.25E-02,1.23E-02,1.21E-02,1.26E-02,1.23E-02,1.21E-02,1.28E-02,1.22E-02,1.22E-02,1.26E-02,1.21E-02,1.24E-02,1.26E-02,1.22E-02,1.22E-02,1.26E-02,1.22E-02,1.21E-02,1.44E-02,1.22E-02,1.22E-02
hwmcc10/hwmcc10/pdtvistictactoe03.aig,1.21E-02,1.27E-02,0.0007652983153,1.25E-02,1.26E-02,1.23E-02,1.28E-02,1.21E-02,1.23E-02,1.26E-02,1.21E-02,1.21E-02,1.29E-02,1.21E-02,1.22E-02,1.44E-02,1.22E-02,1.22E-02,1.26E-02,1.23E-02,1.22E-02,1.46E-02,1.22E-02,1.22E-02,1.29E-02,1.26E-02,1.22E-02,1.43E-02,1.22E-02,1.22E-02,1.42E-02,1.23E-02,1.25E-02,1.44E-02,1.22E-02,1.21E-02,1.42E-02,1.23E-02,1.25E-02,1.26E-02,1.23E-02,1.21E-02
hwmcc10/hwmcc10/pdtvistictactoe04.aig,1.21E-02,1.30E-02,0.001101661118,1.23E-02,1.27E-02,1.24E-02,1.26E-02,1.45E-02,1.23E-02,1.24E-02,1.62E-02,1.21E-02,1.21E-02,1.46E-02,1.22E-02,1.22E-02,1.46E-02,1.23E-02,1.22E-02,1.29E-02,1.26E-02,1.55E-02,1.30E-02,1.23E-02,1.42E-02,1.23E-02,1.26E-02,1.45E-02,1.24E-02,1.21E-02,1.47E-02,1.23E-02,1.24E-02,1.47E-02,1.24E-02,1.23E-02,1.38E-02,1.21E-02,1.27E-02,1.27E-02,1.24E-02,1.22E-02
hwmcc10/hwmcc10/pdtvistictactoe05.aig,1.21E-02,1.27E-02,0.0008509421626,1.23E-02,1.23E-02,1.24E-02,1.46E-02,1.21E-02,1.22E-02,1.26E-02,1.22E-02,1.22E-02,1.27E-02,1.21E-02,1.21E-02,1.27E-02,1.22E-02,1.21E-02,1.29E-02,1.22E-02,1.23E-02,1.27E-02,1.22E-02,1.21E-02,1.27E-02,1.22E-02,1.21E-02,1.46E-02,1.24E-02,1.23E-02,1.46E-02,1.24E-02,1.23E-02,1.46E-02,1.21E-02,1.21E-02,1.44E-02,1.22E-02,1.25E-02,1.46E-02,1.22E-02,1.21E-02
hwmcc10/hwmcc10/pdtvistictactoe06.aig,1.21E-02,1.28E-02,0.0008832295664,1.23E-02,1.31E-02,1.27E-02,1.23E-02,1.26E-02,1.23E-02,1.22E-02,1.51E-02,1.24E-02,1.21E-02,1.27E-02,1.21E-02,1.22E-02,1.27E-02,1.22E-02,1.24E-02,1.29E-02,1.22E-02,1.22E-02,1.27E-02,1.23E-02,1.21E-02,1.47E-02,1.23E-02,1.23E-02,1.47E-02,1.23E-02,1.22E-02,1.43E-02,1.25E-02,1.26E-02,1.43E-02,1.24E-02,1.26E-02,1.48E-02,1.29E-02,1.25E-02,1.43E-02,1.25E-02
hwmcc10/hwmcc10/pdtvistictactoe07.aig,1.21E-02,1.27E-02,0.0008334682752,1.21E-02,1.26E-02,1.22E-02,1.22E-02,1.45E-02,1.33E-02,1.23E-02,1.56E-02,1.23E-02,1.23E-02,1.28E-02,1.22E-02,1.21E-02,1.44E-02,1.24E-02,1.23E-02,1.30E-02,1.23E-02,1.27E-02,1.26E-02,1.23E-02,1.22E-02,1.28E-02,1.21E-02,1.22E-02,1.27E-02,1.23E-02,1.24E-02,1.46E-02,1.22E-02,1.23E-02,1.27E-02,1.23E-02,1.23E-02,1.29E-02,1.21E-02,1.21E-02,1.43E-02,1.30E-02
hwmcc10/hwmcc10/pdtvistictactoe08.aig,1.21E-02,1.28E-02,0.0009246730465,1.21E-02,1.37E-02,1.22E-02,1.23E-02,1.27E-02,1.22E-02,1.21E-02,1.47E-02,1.21E-02,1.38E-02,1.47E-02,1.25E-02,1.24E-02,1.29E-02,1.21E-02,1.25E-02,1.42E-02,1.21E-02,1.21E-02,1.28E-02,1.21E-02,1.22E-02,1.46E-02,1.25E-02,1.23E-02,1.46E-02,1.23E-02,1.24E-02,1.28E-02,1.24E-02,1.21E-02,1.46E-02,1.22E-02,1.21E-02,1.47E-02,1.24E-02,1.24E-02,1.28E-02,1.21E-02
hwmcc10/hwmcc10/pdtvistictactoe09.aig,1.21E-02,1.28E-02,0.0009106951861,1.22E-02,1.26E-02,1.21E-02,1.21E-02,1.27E-02,1.23E-02,1.23E-02,1.46E-02,1.23E-02,1.23E-02,1.48E-02,1.22E-02,1.25E-02,1.46E-02,1.23E-02,1.25E-02,1.35E-02,1.22E-02,1.21E-02,1.32E-02,1.21E-02,1.23E-02,1.48E-02,1.23E-02,1.23E-02,1.48E-02,1.23E-02,1.25E-02,1.27E-02,1.23E-02,1.23E-02,1.49E-02,1.25E-02,1.22E-02,1.27E-02,1.21E-02,1.21E-02,1.28E-02,1.21E-02
hwmcc10/hwmcc10/pdtvistictactoe11.aig,8.58E-01,8.65E-01,0.009451069917,0.8599759843,0.8607858922,0.8639089372,0.8593079354,0.8632010724,0.8592240121,0.8627809789,0.8621489312,0.863462856,0.8729910161,0.8601829316,0.8639668729,0.8579689767,0.8581008222,0.8584639337,0.8617519643,0.8637079503,0.8632568624,0.8590099122,0.8689488675,0.8619589116,0.8586329724,0.8605438974,0.8613330628,0.8613008763,0.862440994,0.8686959054,0.8600279595,0.861200979,0.8636388089,0.9015740659,0.8812019136,0.8974949624,0.8733739163,0.8592278268,0.8631409909,0.8593878057,0.8611938264,0.8620471265
hwmcc10/hwmcc10/pdtvistictactoe12.aig,8.54E-01,8.60E-01,0.003593774193,0.8605129029,0.8558658864,0.8632327821,0.8604618814,0.8598987367,0.8571690824,0.8568250444,0.856345823,0.8568619992,0.8595220353,0.8588270452,0.8580018785,0.8593398835,0.8665129449,0.8571659829,0.8592268731,0.8607680108,0.8616499211,0.856012037,0.8572038915,0.8596009519,0.8619398381,0.8567139413,0.8596338536,0.8600549008,0.8576139714,0.8597389962,0.8597730901,0.8647391107,0.8754529264,0.8607517984,0.8543938901,0.8639728334,0.860375097,0.8578960206,0.8596257474,0.8590869214,0.8594810273,0.8579248693
hwmcc10/hwmcc10/pdtvistwo0.aig,3.22E-01,3.24E-01,0.001653921415,0.3244368341,0.3225678708,0.3246759679,0.3226408269,0.3217040803,0.3249749448,0.3218149449,0.324808767,0.3265518453,0.325863054,0.3247658517,0.3234209325,0.3232700135,0.3232077863,0.3226649072,0.32345598,0.3261870648,0.3245620038,0.3243529107,0.3287009503,0.3216909673,0.3250250127,0.3228861596,0.3243500497,0.3247877862,0.3240629937,0.3243688848,0.3242830541,0.3240570333,0.326445749,0.3220690991,0.3264059331,0.3224400785,0.327117851,0.3259960916,0.3244001176,0.3258768823,0.3223249223,0.322575977
hwmcc10/hwmcc10/pdtvistwo1.aig,3.07E-01,3.09E-01,0.001284624602,0.3072919156,0.3103148248,0.3105830457,0.3073608186,0.3100759294,0.3096241262,0.3092669751,0.3097919728,0.3113209512,0.3085541036,0.3110818173,0.307470968,0.3092929628,0.3110319879,0.3086890485,0.3123950269,0.3092159535,0.3077887799,0.3077129628,0.3110191133,0.3078347947,0.3093749787,0.3097848203,0.3114768769,0.3097008969,0.3097810056,0.3097860124,0.3075770642,0.3087279107,0.3092679288,0.3103009965,0.3072120454,0.3092717435,0.30971401,0.3097659852,0.3096567895,0.3096839692,0.3110517766,0.3100799825
hwmcc10/hwmcc10/pdtvisvending03.aig,1.181650808,1.19E+00,0.0039282188,1.181650808,1.196170023,1.193507841,1.198652914,1.193518808,1.191867759,1.195597818,1.198679855,1.195152929,1.194328716,1.192403963,1.191090753,1.194446972,1.184024027,1.195376804,1.194401911,1.193942001,1.191507032,1.194192102,1.194420746,1.19163697,1.199140003,1.191358021,1.195534876,1.206364086,1.192514112,1.191788843,1.192868879,1.191181829,1.190733841,1.197599819,1.191996982,1.194246938,1.193077972,1.192850998,1.192779949,1.196978023,1.190597942,1.193913868
hwmcc10/hwmcc10/pdtvisvending06.aig,1.18E+00,1.19E+00,0.004744440534,1.18623512,1.191142967,1.196270874,1.182277849,1.193499735,1.184938839,1.187610796,1.193535974,1.186531952,1.183641842,1.187933138,1.187807014,1.190872839,1.184447935,1.189859083,1.187212875,1.185820987,1.183319738,1.186322859,1.186501911,1.187784841,1.18799012,1.188786915,1.189496925,1.1988601,1.186914852,1.188285759,1.203854969,1.190013817,1.188833883,1.190136841,1.190826824,1.187740019,1.203697851,1.190521887,1.185152939,1.190594843,1.189329078,1.18966501
hwmcc10/hwmcc10/pdtvisvsar02.aig,1.66E+01,1.67E+01,0.08957152081,16.69301789,16.67247694,16.65261905,16.64419906,16.62717502,16.65960281,16.62913292,16.65991395,16.61784976,16.66659491,16.62995594,16.6339268,16.61619299,16.63590281,16.6746239,16.62226694,16.69701784,16.74236291,16.73370402,16.74051302,16.73675983,16.74424188,16.76505106,16.83828299,16.6487128,16.64662688,17.14795296,16.66758387,16.64531009,16.64794891,16.66745084,16.65855186,16.66416281,16.64596694,16.65309208,16.66061275,16.68428772,16.64396899,16.71542185
hwmcc10/hwmcc10/pdtvisvsar18.aig,1.71E+01,1.72E+01,0.08809086301,17.15241783,17.14501994,17.1389839,17.24766987,17.08168094,17.10375111,17.06843393,17.54484694,17.07917493,17.10134809,17.07207983,17.08317178,17.09908502,17.34507792,17.10939687,17.0760731,17.09317177,17.12157409,17.33234399,17.10149973,17.10486191,17.17815488,17.1905071,17.17953389,17.15371411,17.14247983,17.12770503,17.14571183,17.13774293,17.13134377,17.15282815,17.18329613,17.14630597,17.13715999,17.1347441,17.13363998,17.10953682,17.12468283,17.1526808
hwmcc10/hwmcc10/shortp0.aig,1.18E-01,1.22E-01,0.002193706837,0.1184379365,0.1193010118,0.1225399282,0.118774822,0.1182009484,0.1191047933,0.1207649018,0.1216999795,0.1183759477,0.1221949365,0.1213578488,0.1271559503,0.1215678956,0.1206259038,0.1198767926,0.1201121118,0.119478872,0.1232530381,0.1202000882,0.1230580117,0.1238939073,0.1262289788,0.1206518914,0.1216439511,0.1206268575,0.1234659459,0.1225578096,0.1244749333,0.1226248052,0.1246008184,0.1201187875,0.1209208276,0.1230868604,0.1246248986,0.1227378156,0.1245109346,0.1226310041,0.1240169313,0.1229168679
hwmcc10/hwmcc10/shortp0neg.aig,2.45E-02,2.60E-02,0.002138478529,2.69E-02,2.45E-02,2.54E-02,2.46E-02,2.68E-02,2.47E-02,2.70E-02,2.52E-02,2.70E-02,2.50E-02,2.58E-02,2.51E-02,2.54E-02,2.51E-02,2.59E-02,2.49E-02,2.67E-02,2.47E-02,2.71E-02,2.54E-02,2.57E-02,2.49E-02,2.76E-02,2.55E-02,2.74E-02,2.49E-02,2.56E-02,2.50E-02,2.53E-02,2.46E-02,2.65E-02,2.49E-02,2.53E-02,2.47E-02,3.77E-02,2.48E-02,2.71E-02,2.49E-02,2.65E-02
hwmcc10/hwmcc10/srg5ptimo.aig,0.8214167859,8.36E-01,0.02128550619,0.8411690499,0.8338839318,0.8476940896,0.8228997495,0.8239928987,0.8244768884,0.8263699319,0.8270699288,0.9259397294,0.8362128045,0.8657368924,0.9017750527,0.8670901563,0.8247539308,0.8309559133,0.8214167859,0.8309299256,0.8234209325,0.8262249734,0.8255330827,0.8407220151,0.8216769006,0.831581762,0.8354558255,0.8250788953,0.8284630086,0.8356739785,0.8229119088,0.8274168279,0.8251418378,0.8262478616,0.8267969396,0.8315197732,0.8241168763,0.8315190579,0.8301238324,0.826579025,0.827062061,0.8438998963
hwmcc10/hwmcc10/srg5ptimoneg.aig,2.35E-01,2.40E-01,0.004812017424,0.2353989389,0.2471617963,0.2388519551,0.237484863,0.2601348664,0.2531217839,0.2410227563,0.2414488103,0.2381929662,0.2386128213,0.2391530778,0.2424399163,0.2345830705,0.2428728845,0.238583019,0.242068937,0.2365619447,0.2401110437,0.2386760022,0.2392880227,0.2382859494,0.2393290307,0.2362651136,0.236699989,0.2383960988,0.2380127217,0.2368189599,0.2379218843,0.2353269364,0.2398819234,0.2356869485,0.2374018933,0.2372078206,0.2405781056,0.245869806,0.2415718343,0.2396210935,0.2378730085,0.238156965
hwmcc10/hwmcc10/texasifetch1p1.aig,1.52E+00,1.53E+00,0.01073806017,1.534751823,1.519977024,1.526518991,1.528218916,1.542525938,1.550785949,1.518193891,1.521856954,1.519941023,1.520073106,1.51549094,1.523693969,1.519640854,1.523533991,1.55316489,1.525304964,1.516270807,1.522552898,1.521090915,1.524709871,1.531738928,1.521736791,1.555276087,1.52092283,1.52001684,1.519856861,1.515931061,1.525648763,1.520462921,1.519508054,1.554553917,1.525585821,1.523070982,1.520839861,1.519967725,1.522374799,1.516555002,1.521276882,1.526215008
hwmcc10/hwmcc10/texasifetch1p3.aig,1.51E+00,1.53E+00,0.01737720536,1.521963051,1.520588091,1.521347931,1.514961889,1.533615997,1.544935873,1.533204963,1.522684744,1.520279815,1.518465927,1.516822746,1.518145015,1.52012079,1.567094972,1.519799879,1.518609932,1.581041029,1.526813915,1.524188926,1.52123492,1.560530117,1.520378044,1.517618826,1.576716116,1.531413963,1.519245079,1.521640947,1.527656963,1.551541975,1.519849947,1.51858609,1.528220108,1.519936731,1.530799082,1.528007915,1.523756912,1.51972287,1.563700845,1.519698789
hwmcc10/hwmcc10/viselevatorp1.aig,1.309468916,1.321917251,0.0140405889,1.337167909,1.316201856,1.318545034,1.315652778,1.313883951,1.350132873,1.311897924,1.311901739,1.326453855,1.314338854,1.319047859,1.314672878,1.314907959,1.313257864,1.317238023,1.341978004,1.315637043,1.317908933,1.323175123,1.369884899,1.333053997,1.309468916,1.314577749,1.317237785,1.320525816,1.349786928,1.317633798,1.315942934,1.310434988,1.318735054,1.318317821,1.323310783,1.315598896,1.311652115,1.316945007,1.358140876,1.311265876,1.312176159,1.316081932
hwmcc10/hwmcc10/visemodel.aig,3.16E-01,3.20E-01,0.004198142508,0.3165320661,0.3194398191,0.3176008966,0.3224798944,0.3236209657,0.3184830453,0.3165327813,0.3189899232,0.3214599397,0.3161978032,0.3173918035,0.3176950719,0.3197700288,0.3155478742,0.3199629094,0.3231260087,0.3178769853,0.3178159501,0.321294954,0.3211759832,0.3201898839,0.3197247293,0.3222378995,0.3159057405,0.3166839387,0.3179618623,0.3216039445,0.3188039567,0.3180708196,0.3281969335,0.336808851,0.328206947,0.3182398583,0.3211857583,0.3288797643,0.3200518396,0.3187469747,0.3192428853,0.3223788049